grade,model,skill,k,r,replicate
4,deepseek-chat,Measurement & Data,0,0.76,0
4,deepseek-chat,Number & Operations in Base Ten,0,0.6521739130434784,0
4,deepseek-chat,Number & Operations—Fractions,0,0.6666666666666666,0
4,deepseek-chat,Operations & Algebraic Thinking,0,0.3,0
4,deepseek-chat,Measurement & Data,1,0.0,0
4,deepseek-chat,Number & Operations in Base Ten,0,0.5217391304347826,0
4,deepseek-chat,Number & Operations—Fractions,0,0.5238095238095238,0
4,deepseek-chat,Operations & Algebraic Thinking,0,0.15,0
4,deepseek-chat,Measurement & Data,1,0.03999999999999997,1
4,deepseek-chat,Number & Operations in Base Ten,0,0.5217391304347826,1
4,deepseek-chat,Number & Operations—Fractions,0,0.5238095238095238,1
4,deepseek-chat,Operations & Algebraic Thinking,0,0.25000000000000006,1
4,deepseek-chat,Measurement & Data,1,0.08000000000000006,2
4,deepseek-chat,Number & Operations in Base Ten,0,0.5217391304347826,2
4,deepseek-chat,Number & Operations—Fractions,0,0.5714285714285714,2
4,deepseek-chat,Operations & Algebraic Thinking,0,0.25000000000000006,2
4,deepseek-chat,Measurement & Data,1,0.03999999999999997,3
4,deepseek-chat,Number & Operations in Base Ten,0,0.5217391304347826,3
4,deepseek-chat,Number & Operations—Fractions,0,0.5714285714285714,3
4,deepseek-chat,Operations & Algebraic Thinking,0,0.20000000000000007,3
4,deepseek-chat,Measurement & Data,1,0.03999999999999997,4
4,deepseek-chat,Number & Operations in Base Ten,0,0.5217391304347826,4
4,deepseek-chat,Number & Operations—Fractions,0,0.5238095238095238,4
4,deepseek-chat,Operations & Algebraic Thinking,0,0.25000000000000006,4
4,deepseek-chat,Measurement & Data,0,0.48000000000000004,0
4,deepseek-chat,Number & Operations in Base Ten,1,0.04347826086956525,0
4,deepseek-chat,Number & Operations—Fractions,0,0.2857142857142857,0
4,deepseek-chat,Operations & Algebraic Thinking,0,0.3,0
4,deepseek-chat,Measurement & Data,0,0.36,1
4,deepseek-chat,Number & Operations in Base Ten,1,0.04347826086956525,1
4,deepseek-chat,Number & Operations—Fractions,0,0.3333333333333333,1
4,deepseek-chat,Operations & Algebraic Thinking,0,0.3,1
4,deepseek-chat,Measurement & Data,0,0.36,2
4,deepseek-chat,Number & Operations in Base Ten,1,0.04347826086956525,2
4,deepseek-chat,Number & Operations—Fractions,0,0.3333333333333333,2
4,deepseek-chat,Operations & Algebraic Thinking,0,0.3,2
4,deepseek-chat,Measurement & Data,0,0.36,3
4,deepseek-chat,Number & Operations in Base Ten,1,0.04347826086956525,3
4,deepseek-chat,Number & Operations—Fractions,0,0.3333333333333333,3
4,deepseek-chat,Operations & Algebraic Thinking,0,0.3,3
4,deepseek-chat,Measurement & Data,0,0.36,4
4,deepseek-chat,Number & Operations in Base Ten,1,0.04347826086956525,4
4,deepseek-chat,Number & Operations—Fractions,0,0.3333333333333333,4
4,deepseek-chat,Operations & Algebraic Thinking,0,0.3,4
4,deepseek-chat,Measurement & Data,1,0.0,0
4,deepseek-chat,Number & Operations in Base Ten,1,0.0,0
4,deepseek-chat,Number & Operations—Fractions,0,0.380952380952381,0
4,deepseek-chat,Operations & Algebraic Thinking,0,0.4,0
4,deepseek-chat,Measurement & Data,1,0.03999999999999997,1
4,deepseek-chat,Number & Operations in Base Ten,1,0.0,1
4,deepseek-chat,Number & Operations—Fractions,0,0.3333333333333333,1
4,deepseek-chat,Operations & Algebraic Thinking,0,0.3,1
4,deepseek-chat,Measurement & Data,1,0.03999999999999997,2
4,deepseek-chat,Number & Operations in Base Ten,1,0.0,2
4,deepseek-chat,Number & Operations—Fractions,0,0.3333333333333333,2
4,deepseek-chat,Operations & Algebraic Thinking,0,0.25000000000000006,2
4,deepseek-chat,Measurement & Data,1,0.03999999999999997,3
4,deepseek-chat,Number & Operations in Base Ten,1,0.0,3
4,deepseek-chat,Number & Operations—Fractions,0,0.380952380952381,3
4,deepseek-chat,Operations & Algebraic Thinking,0,0.25000000000000006,3
4,deepseek-chat,Measurement & Data,1,0.03999999999999997,4
4,deepseek-chat,Number & Operations in Base Ten,1,0.0,4
4,deepseek-chat,Number & Operations—Fractions,0,0.3333333333333333,4
4,deepseek-chat,Operations & Algebraic Thinking,0,0.3,4
4,deepseek-chat,Measurement & Data,0,0.4000000000000001,0
4,deepseek-chat,Number & Operations in Base Ten,0,0.43478260869565216,0
4,deepseek-chat,Number & Operations—Fractions,1,-0.047619047619047575,0
4,deepseek-chat,Operations & Algebraic Thinking,0,0.20000000000000007,0
4,deepseek-chat,Measurement & Data,0,0.44000000000000006,1
4,deepseek-chat,Number & Operations in Base Ten,0,0.4782608695652174,1
4,deepseek-chat,Number & Operations—Fractions,1,0.0,1
4,deepseek-chat,Operations & Algebraic Thinking,0,0.20000000000000007,1
4,deepseek-chat,Measurement & Data,0,0.4000000000000001,2
4,deepseek-chat,Number & Operations in Base Ten,0,0.4782608695652174,2
4,deepseek-chat,Number & Operations—Fractions,1,0.0,2
4,deepseek-chat,Operations & Algebraic Thinking,0,0.20000000000000007,2
4,deepseek-chat,Measurement & Data,0,0.4000000000000001,3
4,deepseek-chat,Number & Operations in Base Ten,0,0.4782608695652174,3
4,deepseek-chat,Number & Operations—Fractions,1,0.0,3
4,deepseek-chat,Operations & Algebraic Thinking,0,0.20000000000000007,3
4,deepseek-chat,Measurement & Data,0,0.44000000000000006,4
4,deepseek-chat,Number & Operations in Base Ten,0,0.4782608695652174,4
4,deepseek-chat,Number & Operations—Fractions,1,0.0,4
4,deepseek-chat,Operations & Algebraic Thinking,0,0.20000000000000007,4
4,deepseek-chat,Measurement & Data,1,0.03999999999999997,0
4,deepseek-chat,Number & Operations in Base Ten,0,0.43478260869565216,0
4,deepseek-chat,Number & Operations—Fractions,1,0.0,0
4,deepseek-chat,Operations & Algebraic Thinking,0,0.20000000000000007,0
4,deepseek-chat,Measurement & Data,1,0.03999999999999997,1
4,deepseek-chat,Number & Operations in Base Ten,0,0.3913043478260869,1
4,deepseek-chat,Number & Operations—Fractions,1,0.0,1
4,deepseek-chat,Operations & Algebraic Thinking,0,0.15,1
4,deepseek-chat,Measurement & Data,1,0.03999999999999997,2
4,deepseek-chat,Number & Operations in Base Ten,0,0.43478260869565216,2
4,deepseek-chat,Number & Operations—Fractions,1,0.0,2
4,deepseek-chat,Operations & Algebraic Thinking,0,0.20000000000000007,2
4,deepseek-chat,Measurement & Data,1,0.03999999999999997,3
4,deepseek-chat,Number & Operations in Base Ten,0,0.3913043478260869,3
4,deepseek-chat,Number & Operations—Fractions,1,0.0,3
4,deepseek-chat,Operations & Algebraic Thinking,0,0.15,3
4,deepseek-chat,Measurement & Data,1,0.03999999999999997,4
4,deepseek-chat,Number & Operations in Base Ten,0,0.3913043478260869,4
4,deepseek-chat,Number & Operations—Fractions,1,0.0,4
4,deepseek-chat,Operations & Algebraic Thinking,0,0.15,4
4,deepseek-chat,Measurement & Data,0,0.64,0
4,deepseek-chat,Number & Operations in Base Ten,1,0.0869565217391305,0
4,deepseek-chat,Number & Operations—Fractions,1,0.047619047619047575,0
4,deepseek-chat,Operations & Algebraic Thinking,0,0.25000000000000006,0
4,deepseek-chat,Measurement & Data,0,0.6,1
4,deepseek-chat,Number & Operations in Base Ten,1,0.04347826086956525,1
4,deepseek-chat,Number & Operations—Fractions,1,0.0,1
4,deepseek-chat,Operations & Algebraic Thinking,0,0.15,1
4,deepseek-chat,Measurement & Data,0,0.64,2
4,deepseek-chat,Number & Operations in Base Ten,1,0.04347826086956525,2
4,deepseek-chat,Number & Operations—Fractions,1,0.0,2
4,deepseek-chat,Operations & Algebraic Thinking,0,0.15,2
4,deepseek-chat,Measurement & Data,0,0.6,3
4,deepseek-chat,Number & Operations in Base Ten,1,0.04347826086956525,3
4,deepseek-chat,Number & Operations—Fractions,1,0.0,3
4,deepseek-chat,Operations & Algebraic Thinking,0,0.15,3
4,deepseek-chat,Measurement & Data,0,0.6,4
4,deepseek-chat,Number & Operations in Base Ten,1,0.0869565217391305,4
4,deepseek-chat,Number & Operations—Fractions,1,0.0,4
4,deepseek-chat,Operations & Algebraic Thinking,0,0.20000000000000007,4
4,deepseek-chat,Measurement & Data,1,0.03999999999999997,0
4,deepseek-chat,Number & Operations in Base Ten,1,0.04347826086956525,0
4,deepseek-chat,Number & Operations—Fractions,1,0.0,0
4,deepseek-chat,Operations & Algebraic Thinking,0,0.15,0
4,deepseek-chat,Measurement & Data,1,0.0,1
4,deepseek-chat,Number & Operations in Base Ten,1,0.0869565217391305,1
4,deepseek-chat,Number & Operations—Fractions,1,-0.047619047619047575,1
4,deepseek-chat,Operations & Algebraic Thinking,0,0.20000000000000007,1
4,deepseek-chat,Measurement & Data,1,0.0,2
4,deepseek-chat,Number & Operations in Base Ten,1,0.0869565217391305,2
4,deepseek-chat,Number & Operations—Fractions,1,-0.047619047619047575,2
4,deepseek-chat,Operations & Algebraic Thinking,0,0.20000000000000007,2
4,deepseek-chat,Measurement & Data,1,0.0,3
4,deepseek-chat,Number & Operations in Base Ten,1,0.0869565217391305,3
4,deepseek-chat,Number & Operations—Fractions,1,-0.047619047619047575,3
4,deepseek-chat,Operations & Algebraic Thinking,0,0.20000000000000007,3
4,deepseek-chat,Measurement & Data,1,0.0,4
4,deepseek-chat,Number & Operations in Base Ten,1,0.0869565217391305,4
4,deepseek-chat,Number & Operations—Fractions,1,-0.047619047619047575,4
4,deepseek-chat,Operations & Algebraic Thinking,0,0.15,4
4,deepseek-chat,Measurement & Data,0,0.36,0
4,deepseek-chat,Number & Operations in Base Ten,0,0.3478260869565218,0
4,deepseek-chat,Number & Operations—Fractions,0,0.2857142857142857,0
4,deepseek-chat,Operations & Algebraic Thinking,1,0.0,0
4,deepseek-chat,Measurement & Data,0,0.24000000000000007,1
4,deepseek-chat,Number & Operations in Base Ten,0,0.3478260869565218,1
4,deepseek-chat,Number & Operations—Fractions,0,0.3333333333333333,1
4,deepseek-chat,Operations & Algebraic Thinking,1,0.0,1
4,deepseek-chat,Measurement & Data,0,0.28,2
4,deepseek-chat,Number & Operations in Base Ten,0,0.3478260869565218,2
4,deepseek-chat,Number & Operations—Fractions,0,0.3333333333333333,2
4,deepseek-chat,Operations & Algebraic Thinking,1,0.0,2
4,deepseek-chat,Measurement & Data,0,0.28,3
4,deepseek-chat,Number & Operations in Base Ten,0,0.3478260869565218,3
4,deepseek-chat,Number & Operations—Fractions,0,0.3333333333333333,3
4,deepseek-chat,Operations & Algebraic Thinking,1,0.0,3
4,deepseek-chat,Measurement & Data,0,0.32,4
4,deepseek-chat,Number & Operations in Base Ten,0,0.3478260869565218,4
4,deepseek-chat,Number & Operations—Fractions,0,0.3333333333333333,4
4,deepseek-chat,Operations & Algebraic Thinking,1,0.0,4
4,deepseek-chat,Measurement & Data,1,0.0,0
4,deepseek-chat,Number & Operations in Base Ten,0,0.43478260869565216,0
4,deepseek-chat,Number & Operations—Fractions,0,0.380952380952381,0
4,deepseek-chat,Operations & Algebraic Thinking,1,-0.049999999999999954,0
4,deepseek-chat,Measurement & Data,1,0.0,1
4,deepseek-chat,Number & Operations in Base Ten,0,0.3478260869565218,1
4,deepseek-chat,Number & Operations—Fractions,0,0.380952380952381,1
4,deepseek-chat,Operations & Algebraic Thinking,1,0.0,1
4,deepseek-chat,Measurement & Data,1,0.0,2
4,deepseek-chat,Number & Operations in Base Ten,0,0.3478260869565218,2
4,deepseek-chat,Number & Operations—Fractions,0,0.380952380952381,2
4,deepseek-chat,Operations & Algebraic Thinking,1,0.0,2
4,deepseek-chat,Measurement & Data,1,0.0,3
4,deepseek-chat,Number & Operations in Base Ten,0,0.3913043478260869,3
4,deepseek-chat,Number & Operations—Fractions,0,0.380952380952381,3
4,deepseek-chat,Operations & Algebraic Thinking,1,0.0,3
4,deepseek-chat,Measurement & Data,1,0.0,4
4,deepseek-chat,Number & Operations in Base Ten,0,0.3478260869565218,4
4,deepseek-chat,Number & Operations—Fractions,0,0.380952380952381,4
4,deepseek-chat,Operations & Algebraic Thinking,1,0.0,4
4,deepseek-chat,Measurement & Data,0,0.4000000000000001,0
4,deepseek-chat,Number & Operations in Base Ten,1,0.0,0
4,deepseek-chat,Number & Operations—Fractions,0,0.2857142857142857,0
4,deepseek-chat,Operations & Algebraic Thinking,1,0.050000000000000086,0
4,deepseek-chat,Measurement & Data,0,0.4000000000000001,1
4,deepseek-chat,Number & Operations in Base Ten,1,0.0,1
4,deepseek-chat,Number & Operations—Fractions,0,0.23809523809523814,1
4,deepseek-chat,Operations & Algebraic Thinking,1,0.0,1
4,deepseek-chat,Measurement & Data,0,0.44000000000000006,2
4,deepseek-chat,Number & Operations in Base Ten,1,0.0,2
4,deepseek-chat,Number & Operations—Fractions,0,0.2857142857142857,2
4,deepseek-chat,Operations & Algebraic Thinking,1,0.0,2
4,deepseek-chat,Measurement & Data,0,0.44000000000000006,3
4,deepseek-chat,Number & Operations in Base Ten,1,0.0,3
4,deepseek-chat,Number & Operations—Fractions,0,0.23809523809523814,3
4,deepseek-chat,Operations & Algebraic Thinking,1,0.0,3
4,deepseek-chat,Measurement & Data,0,0.4000000000000001,4
4,deepseek-chat,Number & Operations in Base Ten,1,0.0,4
4,deepseek-chat,Number & Operations—Fractions,0,0.23809523809523814,4
4,deepseek-chat,Operations & Algebraic Thinking,1,0.0,4
4,deepseek-chat,Measurement & Data,1,0.03999999999999997,0
4,deepseek-chat,Number & Operations in Base Ten,1,0.04347826086956525,0
4,deepseek-chat,Number & Operations—Fractions,0,0.2857142857142857,0
4,deepseek-chat,Operations & Algebraic Thinking,1,0.0,0
4,deepseek-chat,Measurement & Data,1,0.03999999999999997,1
4,deepseek-chat,Number & Operations in Base Ten,1,0.04347826086956525,1
4,deepseek-chat,Number & Operations—Fractions,0,0.2857142857142857,1
4,deepseek-chat,Operations & Algebraic Thinking,1,0.0,1
4,deepseek-chat,Measurement & Data,1,0.0,2
4,deepseek-chat,Number & Operations in Base Ten,1,0.04347826086956525,2
4,deepseek-chat,Number & Operations—Fractions,0,0.2857142857142857,2
4,deepseek-chat,Operations & Algebraic Thinking,1,0.0,2
4,deepseek-chat,Measurement & Data,1,0.03999999999999997,3
4,deepseek-chat,Number & Operations in Base Ten,1,0.04347826086956525,3
4,deepseek-chat,Number & Operations—Fractions,0,0.2857142857142857,3
4,deepseek-chat,Operations & Algebraic Thinking,1,0.0,3
4,deepseek-chat,Measurement & Data,1,0.03999999999999997,4
4,deepseek-chat,Number & Operations in Base Ten,1,0.04347826086956525,4
4,deepseek-chat,Number & Operations—Fractions,0,0.2857142857142857,4
4,deepseek-chat,Operations & Algebraic Thinking,1,0.0,4
4,deepseek-chat,Measurement & Data,0,0.32,0
4,deepseek-chat,Number & Operations in Base Ten,0,0.4782608695652174,0
4,deepseek-chat,Number & Operations—Fractions,1,-0.047619047619047575,0
4,deepseek-chat,Operations & Algebraic Thinking,1,0.0,0
4,deepseek-chat,Measurement & Data,0,0.36,1
4,deepseek-chat,Number & Operations in Base Ten,0,0.43478260869565216,1
4,deepseek-chat,Number & Operations—Fractions,1,0.0,1
4,deepseek-chat,Operations & Algebraic Thinking,1,0.0,1
4,deepseek-chat,Measurement & Data,0,0.4000000000000001,2
4,deepseek-chat,Number & Operations in Base Ten,0,0.5217391304347826,2
4,deepseek-chat,Number & Operations—Fractions,1,0.0,2
4,deepseek-chat,Operations & Algebraic Thinking,1,0.0,2
4,deepseek-chat,Measurement & Data,0,0.4000000000000001,3
4,deepseek-chat,Number & Operations in Base Ten,0,0.5217391304347826,3
4,deepseek-chat,Number & Operations—Fractions,1,0.0,3
4,deepseek-chat,Operations & Algebraic Thinking,1,0.0,3
4,deepseek-chat,Measurement & Data,0,0.4000000000000001,4
4,deepseek-chat,Number & Operations in Base Ten,0,0.5217391304347826,4
4,deepseek-chat,Number & Operations—Fractions,1,0.0,4
4,deepseek-chat,Operations & Algebraic Thinking,1,0.0,4
4,deepseek-chat,Measurement & Data,1,0.03999999999999997,0
4,deepseek-chat,Number & Operations in Base Ten,0,0.4782608695652174,0
4,deepseek-chat,Number & Operations—Fractions,1,0.0,0
4,deepseek-chat,Operations & Algebraic Thinking,1,0.0,0
4,deepseek-chat,Measurement & Data,1,0.0,1
4,deepseek-chat,Number & Operations in Base Ten,0,0.5217391304347826,1
4,deepseek-chat,Number & Operations—Fractions,1,0.0,1
4,deepseek-chat,Operations & Algebraic Thinking,1,0.0,1
4,deepseek-chat,Measurement & Data,1,0.0,2
4,deepseek-chat,Number & Operations in Base Ten,0,0.5217391304347826,2
4,deepseek-chat,Number & Operations—Fractions,1,0.0,2
4,deepseek-chat,Operations & Algebraic Thinking,1,0.0,2
4,deepseek-chat,Measurement & Data,1,0.0,3
4,deepseek-chat,Number & Operations in Base Ten,0,0.5217391304347826,3
4,deepseek-chat,Number & Operations—Fractions,1,0.0,3
4,deepseek-chat,Operations & Algebraic Thinking,1,0.0,3
4,deepseek-chat,Measurement & Data,1,0.0,4
4,deepseek-chat,Number & Operations in Base Ten,0,0.5217391304347826,4
4,deepseek-chat,Number & Operations—Fractions,1,0.0,4
4,deepseek-chat,Operations & Algebraic Thinking,1,0.0,4
4,deepseek-chat,Measurement & Data,0,0.44000000000000006,0
4,deepseek-chat,Number & Operations in Base Ten,1,0.04347826086956525,0
4,deepseek-chat,Number & Operations—Fractions,1,-0.047619047619047575,0
4,deepseek-chat,Operations & Algebraic Thinking,1,0.10000000000000003,0
4,deepseek-chat,Measurement & Data,0,0.48000000000000004,1
4,deepseek-chat,Number & Operations in Base Ten,1,0.0869565217391305,1
4,deepseek-chat,Number & Operations—Fractions,1,-0.047619047619047575,1
4,deepseek-chat,Operations & Algebraic Thinking,1,0.10000000000000003,1
4,deepseek-chat,Measurement & Data,0,0.48000000000000004,2
4,deepseek-chat,Number & Operations in Base Ten,1,0.0869565217391305,2
4,deepseek-chat,Number & Operations—Fractions,1,-0.047619047619047575,2
4,deepseek-chat,Operations & Algebraic Thinking,1,0.10000000000000003,2
4,deepseek-chat,Measurement & Data,0,0.48000000000000004,3
4,deepseek-chat,Number & Operations in Base Ten,1,0.0869565217391305,3
4,deepseek-chat,Number & Operations—Fractions,1,-0.047619047619047575,3
4,deepseek-chat,Operations & Algebraic Thinking,1,0.10000000000000003,3
4,deepseek-chat,Measurement & Data,0,0.48000000000000004,4
4,deepseek-chat,Number & Operations in Base Ten,1,0.0869565217391305,4
4,deepseek-chat,Number & Operations—Fractions,1,-0.047619047619047575,4
4,deepseek-chat,Operations & Algebraic Thinking,1,0.10000000000000003,4
4,gpt-4o,Measurement & Data,0,0.6470588235294118,0
4,gpt-4o,Number & Operations in Base Ten,0,0.6666666666666666,0
4,gpt-4o,Number & Operations—Fractions,0,0.8,0
4,gpt-4o,Operations & Algebraic Thinking,0,0.75,0
4,gpt-4o,Measurement & Data,1,0.11764705882352951,0
4,gpt-4o,Number & Operations in Base Ten,0,0.7333333333333333,0
4,gpt-4o,Number & Operations—Fractions,0,0.7000000000000001,0
4,gpt-4o,Operations & Algebraic Thinking,0,0.9375,0
4,gpt-4o,Measurement & Data,1,0.11764705882352951,1
4,gpt-4o,Number & Operations in Base Ten,0,0.8666666666666667,1
4,gpt-4o,Number & Operations—Fractions,0,0.8,1
4,gpt-4o,Operations & Algebraic Thinking,0,0.75,1
4,gpt-4o,Measurement & Data,1,0.0,2
4,gpt-4o,Number & Operations in Base Ten,0,0.8,2
4,gpt-4o,Number & Operations—Fractions,0,0.8,2
4,gpt-4o,Operations & Algebraic Thinking,0,0.8749999999999999,2
4,gpt-4o,Measurement & Data,1,0.05882352941176466,3
4,gpt-4o,Number & Operations in Base Ten,0,0.8,3
4,gpt-4o,Number & Operations—Fractions,0,0.75,3
4,gpt-4o,Operations & Algebraic Thinking,0,0.75,3
4,gpt-4o,Measurement & Data,1,0.11764705882352951,4
4,gpt-4o,Number & Operations in Base Ten,0,0.7333333333333333,4
4,gpt-4o,Number & Operations—Fractions,0,0.8,4
4,gpt-4o,Operations & Algebraic Thinking,0,0.75,4
4,gpt-4o,Measurement & Data,0,0.8235294117647058,0
4,gpt-4o,Number & Operations in Base Ten,1,0.06666666666666654,0
4,gpt-4o,Number & Operations—Fractions,0,0.6,0
4,gpt-4o,Operations & Algebraic Thinking,0,0.8125,0
4,gpt-4o,Measurement & Data,0,0.8235294117647058,1
4,gpt-4o,Number & Operations in Base Ten,1,0.06666666666666654,1
4,gpt-4o,Number & Operations—Fractions,0,0.6,1
4,gpt-4o,Operations & Algebraic Thinking,0,0.8125,1
4,gpt-4o,Measurement & Data,0,0.7647058823529411,2
4,gpt-4o,Number & Operations in Base Ten,1,0.2,2
4,gpt-4o,Number & Operations—Fractions,0,0.5,2
4,gpt-4o,Operations & Algebraic Thinking,0,0.6874999999999999,2
4,gpt-4o,Measurement & Data,0,0.8235294117647058,3
4,gpt-4o,Number & Operations in Base Ten,1,0.06666666666666654,3
4,gpt-4o,Number & Operations—Fractions,0,0.6,3
4,gpt-4o,Operations & Algebraic Thinking,0,0.75,3
4,gpt-4o,Measurement & Data,0,0.7647058823529411,4
4,gpt-4o,Number & Operations in Base Ten,1,0.13333333333333328,4
4,gpt-4o,Number & Operations—Fractions,0,0.55,4
4,gpt-4o,Operations & Algebraic Thinking,0,0.8125,4
4,gpt-4o,Measurement & Data,1,0.05882352941176466,0
4,gpt-4o,Number & Operations in Base Ten,1,0.13333333333333328,0
4,gpt-4o,Number & Operations—Fractions,0,0.55,0
4,gpt-4o,Operations & Algebraic Thinking,0,0.8125,0
4,gpt-4o,Measurement & Data,1,0.05882352941176466,1
4,gpt-4o,Number & Operations in Base Ten,1,0.13333333333333328,1
4,gpt-4o,Number & Operations—Fractions,0,0.6,1
4,gpt-4o,Operations & Algebraic Thinking,0,0.75,1
4,gpt-4o,Measurement & Data,1,0.05882352941176466,2
4,gpt-4o,Number & Operations in Base Ten,1,0.06666666666666654,2
4,gpt-4o,Number & Operations—Fractions,0,0.55,2
4,gpt-4o,Operations & Algebraic Thinking,0,0.8125,2
4,gpt-4o,Measurement & Data,1,0.05882352941176466,3
4,gpt-4o,Number & Operations in Base Ten,1,0.13333333333333328,3
4,gpt-4o,Number & Operations—Fractions,0,0.45000000000000007,3
4,gpt-4o,Operations & Algebraic Thinking,0,0.8749999999999999,3
4,gpt-4o,Measurement & Data,1,0.05882352941176466,4
4,gpt-4o,Number & Operations in Base Ten,1,0.13333333333333328,4
4,gpt-4o,Number & Operations—Fractions,0,0.5,4
4,gpt-4o,Operations & Algebraic Thinking,0,0.6874999999999999,4
4,gpt-4o,Measurement & Data,0,0.7058823529411765,0
4,gpt-4o,Number & Operations in Base Ten,0,0.6666666666666666,0
4,gpt-4o,Number & Operations—Fractions,1,0.050000000000000086,0
4,gpt-4o,Operations & Algebraic Thinking,0,0.75,0
4,gpt-4o,Measurement & Data,0,0.7058823529411765,1
4,gpt-4o,Number & Operations in Base Ten,0,0.7333333333333333,1
4,gpt-4o,Number & Operations—Fractions,1,0.15,1
4,gpt-4o,Operations & Algebraic Thinking,0,0.625,1
4,gpt-4o,Measurement & Data,0,0.6470588235294118,2
4,gpt-4o,Number & Operations in Base Ten,0,0.7333333333333333,2
4,gpt-4o,Number & Operations—Fractions,1,0.15,2
4,gpt-4o,Operations & Algebraic Thinking,0,0.625,2
4,gpt-4o,Measurement & Data,0,0.7058823529411765,3
4,gpt-4o,Number & Operations in Base Ten,0,0.6666666666666666,3
4,gpt-4o,Number & Operations—Fractions,1,0.050000000000000086,3
4,gpt-4o,Operations & Algebraic Thinking,0,0.625,3
4,gpt-4o,Measurement & Data,0,0.7058823529411765,4
4,gpt-4o,Number & Operations in Base Ten,0,0.6,4
4,gpt-4o,Number & Operations—Fractions,1,0.10000000000000003,4
4,gpt-4o,Operations & Algebraic Thinking,0,0.75,4
4,gpt-4o,Measurement & Data,1,0.11764705882352951,0
4,gpt-4o,Number & Operations in Base Ten,0,0.6666666666666666,0
4,gpt-4o,Number & Operations—Fractions,1,0.15,0
4,gpt-4o,Operations & Algebraic Thinking,0,0.6874999999999999,0
4,gpt-4o,Measurement & Data,1,0.11764705882352951,1
4,gpt-4o,Number & Operations in Base Ten,0,0.6666666666666666,1
4,gpt-4o,Number & Operations—Fractions,1,0.050000000000000086,1
4,gpt-4o,Operations & Algebraic Thinking,0,0.75,1
4,gpt-4o,Measurement & Data,1,0.05882352941176466,2
4,gpt-4o,Number & Operations in Base Ten,0,0.4,2
4,gpt-4o,Number & Operations—Fractions,1,0.050000000000000086,2
4,gpt-4o,Operations & Algebraic Thinking,0,0.75,2
4,gpt-4o,Measurement & Data,1,0.11764705882352951,3
4,gpt-4o,Number & Operations in Base Ten,0,0.6,3
4,gpt-4o,Number & Operations—Fractions,1,0.20000000000000007,3
4,gpt-4o,Operations & Algebraic Thinking,0,0.75,3
4,gpt-4o,Measurement & Data,1,0.11764705882352951,4
4,gpt-4o,Number & Operations in Base Ten,0,0.6,4
4,gpt-4o,Number & Operations—Fractions,1,0.0,4
4,gpt-4o,Operations & Algebraic Thinking,0,0.6874999999999999,4
4,gpt-4o,Measurement & Data,0,0.7058823529411765,0
4,gpt-4o,Number & Operations in Base Ten,1,0.13333333333333328,0
4,gpt-4o,Number & Operations—Fractions,1,0.20000000000000007,0
4,gpt-4o,Operations & Algebraic Thinking,0,0.8749999999999999,0
4,gpt-4o,Measurement & Data,0,0.7647058823529411,1
4,gpt-4o,Number & Operations in Base Ten,1,0.06666666666666654,1
4,gpt-4o,Number & Operations—Fractions,1,0.0,1
4,gpt-4o,Operations & Algebraic Thinking,0,0.8749999999999999,1
4,gpt-4o,Measurement & Data,0,0.7058823529411765,2
4,gpt-4o,Number & Operations in Base Ten,1,0.0,2
4,gpt-4o,Number & Operations—Fractions,1,0.0,2
4,gpt-4o,Operations & Algebraic Thinking,0,0.75,2
4,gpt-4o,Measurement & Data,0,0.6470588235294118,3
4,gpt-4o,Number & Operations in Base Ten,1,0.06666666666666654,3
4,gpt-4o,Number & Operations—Fractions,1,0.10000000000000003,3
4,gpt-4o,Operations & Algebraic Thinking,0,0.8749999999999999,3
4,gpt-4o,Measurement & Data,0,0.7647058823529411,4
4,gpt-4o,Number & Operations in Base Ten,1,0.13333333333333328,4
4,gpt-4o,Number & Operations—Fractions,1,-0.049999999999999954,4
4,gpt-4o,Operations & Algebraic Thinking,0,0.75,4
4,gpt-4o,Measurement & Data,1,0.0,0
4,gpt-4o,Number & Operations in Base Ten,1,0.0,0
4,gpt-4o,Number & Operations—Fractions,1,0.10000000000000003,0
4,gpt-4o,Operations & Algebraic Thinking,0,0.75,0
4,gpt-4o,Measurement & Data,1,0.0,1
4,gpt-4o,Number & Operations in Base Ten,1,0.2,1
4,gpt-4o,Number & Operations—Fractions,1,0.050000000000000086,1
4,gpt-4o,Operations & Algebraic Thinking,0,0.6874999999999999,1
4,gpt-4o,Measurement & Data,1,0.17647058823529416,2
4,gpt-4o,Number & Operations in Base Ten,1,0.06666666666666654,2
4,gpt-4o,Number & Operations—Fractions,1,-0.049999999999999954,2
4,gpt-4o,Operations & Algebraic Thinking,0,0.625,2
4,gpt-4o,Measurement & Data,1,0.11764705882352951,3
4,gpt-4o,Number & Operations in Base Ten,1,0.13333333333333328,3
4,gpt-4o,Number & Operations—Fractions,1,0.050000000000000086,3
4,gpt-4o,Operations & Algebraic Thinking,0,0.5625,3
4,gpt-4o,Measurement & Data,1,0.05882352941176466,4
4,gpt-4o,Number & Operations in Base Ten,1,0.13333333333333328,4
4,gpt-4o,Number & Operations—Fractions,1,0.050000000000000086,4
4,gpt-4o,Operations & Algebraic Thinking,0,0.625,4
4,gpt-4o,Measurement & Data,0,0.6470588235294118,0
4,gpt-4o,Number & Operations in Base Ten,0,0.8,0
4,gpt-4o,Number & Operations—Fractions,0,0.85,0
4,gpt-4o,Operations & Algebraic Thinking,1,0.0,0
4,gpt-4o,Measurement & Data,0,0.6470588235294118,1
4,gpt-4o,Number & Operations in Base Ten,0,0.7333333333333333,1
4,gpt-4o,Number & Operations—Fractions,0,0.8,1
4,gpt-4o,Operations & Algebraic Thinking,1,0.0,1
4,gpt-4o,Measurement & Data,0,0.6470588235294118,2
4,gpt-4o,Number & Operations in Base Ten,0,0.6666666666666666,2
4,gpt-4o,Number & Operations—Fractions,0,0.75,2
4,gpt-4o,Operations & Algebraic Thinking,1,0.062499999999999944,2
4,gpt-4o,Measurement & Data,0,0.5294117647058824,3
4,gpt-4o,Number & Operations in Base Ten,0,0.7333333333333333,3
4,gpt-4o,Number & Operations—Fractions,0,0.8,3
4,gpt-4o,Operations & Algebraic Thinking,1,0.062499999999999944,3
4,gpt-4o,Measurement & Data,0,0.5882352941176471,4
4,gpt-4o,Number & Operations in Base Ten,0,0.6666666666666666,4
4,gpt-4o,Number & Operations—Fractions,0,0.7000000000000001,4
4,gpt-4o,Operations & Algebraic Thinking,1,0.062499999999999944,4
4,gpt-4o,Measurement & Data,1,0.05882352941176466,0
4,gpt-4o,Number & Operations in Base Ten,0,0.7333333333333333,0
4,gpt-4o,Number & Operations—Fractions,0,0.5,0
4,gpt-4o,Operations & Algebraic Thinking,1,0.0,0
4,gpt-4o,Measurement & Data,1,-0.11764705882352933,1
4,gpt-4o,Number & Operations in Base Ten,0,0.6666666666666666,1
4,gpt-4o,Number & Operations—Fractions,0,0.7000000000000001,1
4,gpt-4o,Operations & Algebraic Thinking,1,0.062499999999999944,1
4,gpt-4o,Measurement & Data,1,-0.11764705882352933,2
4,gpt-4o,Number & Operations in Base Ten,0,0.6666666666666666,2
4,gpt-4o,Number & Operations—Fractions,0,0.7000000000000001,2
4,gpt-4o,Operations & Algebraic Thinking,1,0.062499999999999944,2
4,gpt-4o,Measurement & Data,1,0.0,3
4,gpt-4o,Number & Operations in Base Ten,0,0.7333333333333333,3
4,gpt-4o,Number & Operations—Fractions,0,0.7000000000000001,3
4,gpt-4o,Operations & Algebraic Thinking,1,-0.06250000000000011,3
4,gpt-4o,Measurement & Data,1,-0.11764705882352933,4
4,gpt-4o,Number & Operations in Base Ten,0,0.6666666666666666,4
4,gpt-4o,Number & Operations—Fractions,0,0.7000000000000001,4
4,gpt-4o,Operations & Algebraic Thinking,1,0.062499999999999944,4
4,gpt-4o,Measurement & Data,0,0.7058823529411765,0
4,gpt-4o,Number & Operations in Base Ten,1,0.13333333333333328,0
4,gpt-4o,Number & Operations—Fractions,0,0.7000000000000001,0
4,gpt-4o,Operations & Algebraic Thinking,1,-0.06250000000000011,0
4,gpt-4o,Measurement & Data,0,0.7647058823529411,1
4,gpt-4o,Number & Operations in Base Ten,1,0.13333333333333328,1
4,gpt-4o,Number & Operations—Fractions,0,0.75,1
4,gpt-4o,Operations & Algebraic Thinking,1,-0.06250000000000011,1
4,gpt-4o,Measurement & Data,0,0.7647058823529411,2
4,gpt-4o,Number & Operations in Base Ten,1,0.13333333333333328,2
4,gpt-4o,Number & Operations—Fractions,0,0.6,2
4,gpt-4o,Operations & Algebraic Thinking,1,-0.06250000000000011,2
4,gpt-4o,Measurement & Data,0,0.7647058823529411,3
4,gpt-4o,Number & Operations in Base Ten,1,0.2,3
4,gpt-4o,Number & Operations—Fractions,0,0.7000000000000001,3
4,gpt-4o,Operations & Algebraic Thinking,1,-0.06250000000000011,3
4,gpt-4o,Measurement & Data,0,0.7058823529411765,4
4,gpt-4o,Number & Operations in Base Ten,1,0.06666666666666654,4
4,gpt-4o,Number & Operations—Fractions,0,0.7000000000000001,4
4,gpt-4o,Operations & Algebraic Thinking,1,-0.06250000000000011,4
4,gpt-4o,Measurement & Data,1,0.0,0
4,gpt-4o,Number & Operations in Base Ten,1,0.2,0
4,gpt-4o,Number & Operations—Fractions,0,0.65,0
4,gpt-4o,Operations & Algebraic Thinking,1,0.0,0
4,gpt-4o,Measurement & Data,1,0.05882352941176466,1
4,gpt-4o,Number & Operations in Base Ten,1,0.13333333333333328,1
4,gpt-4o,Number & Operations—Fractions,0,0.7000000000000001,1
4,gpt-4o,Operations & Algebraic Thinking,1,-0.06250000000000011,1
4,gpt-4o,Measurement & Data,1,0.0,2
4,gpt-4o,Number & Operations in Base Ten,1,0.13333333333333328,2
4,gpt-4o,Number & Operations—Fractions,0,0.7000000000000001,2
4,gpt-4o,Operations & Algebraic Thinking,1,-0.06250000000000011,2
4,gpt-4o,Measurement & Data,1,0.05882352941176466,3
4,gpt-4o,Number & Operations in Base Ten,1,0.13333333333333328,3
4,gpt-4o,Number & Operations—Fractions,0,0.65,3
4,gpt-4o,Operations & Algebraic Thinking,1,-0.06250000000000011,3
4,gpt-4o,Measurement & Data,1,-0.05882352941176466,4
4,gpt-4o,Number & Operations in Base Ten,1,0.13333333333333328,4
4,gpt-4o,Number & Operations—Fractions,0,0.55,4
4,gpt-4o,Operations & Algebraic Thinking,1,-0.06250000000000011,4
4,gpt-4o,Measurement & Data,0,0.6470588235294118,0
4,gpt-4o,Number & Operations in Base Ten,0,0.5333333333333333,0
4,gpt-4o,Number & Operations—Fractions,1,0.10000000000000003,0
4,gpt-4o,Operations & Algebraic Thinking,1,0.062499999999999944,0
4,gpt-4o,Measurement & Data,0,0.8235294117647058,1
4,gpt-4o,Number & Operations in Base Ten,0,0.6,1
4,gpt-4o,Number & Operations—Fractions,1,0.15,1
4,gpt-4o,Operations & Algebraic Thinking,1,0.062499999999999944,1
4,gpt-4o,Measurement & Data,0,0.8235294117647058,2
4,gpt-4o,Number & Operations in Base Ten,0,0.5333333333333333,2
4,gpt-4o,Number & Operations—Fractions,1,0.050000000000000086,2
4,gpt-4o,Operations & Algebraic Thinking,1,0.0,2
4,gpt-4o,Measurement & Data,0,0.8235294117647058,3
4,gpt-4o,Number & Operations in Base Ten,0,0.5333333333333333,3
4,gpt-4o,Number & Operations—Fractions,1,0.050000000000000086,3
4,gpt-4o,Operations & Algebraic Thinking,1,0.0,3
4,gpt-4o,Measurement & Data,0,0.7058823529411765,4
4,gpt-4o,Number & Operations in Base Ten,0,0.5333333333333333,4
4,gpt-4o,Number & Operations—Fractions,1,0.0,4
4,gpt-4o,Operations & Algebraic Thinking,1,0.062499999999999944,4
4,gpt-4o,Measurement & Data,1,0.0,0
4,gpt-4o,Number & Operations in Base Ten,0,0.33333333333333326,0
4,gpt-4o,Number & Operations—Fractions,1,0.050000000000000086,0
4,gpt-4o,Operations & Algebraic Thinking,1,0.062499999999999944,0
4,gpt-4o,Measurement & Data,1,0.0,1
4,gpt-4o,Number & Operations in Base Ten,0,0.4666666666666666,1
4,gpt-4o,Number & Operations—Fractions,1,-0.049999999999999954,1
4,gpt-4o,Operations & Algebraic Thinking,1,0.062499999999999944,1
4,gpt-4o,Measurement & Data,1,0.05882352941176466,2
4,gpt-4o,Number & Operations in Base Ten,0,0.33333333333333326,2
4,gpt-4o,Number & Operations—Fractions,1,0.050000000000000086,2
4,gpt-4o,Operations & Algebraic Thinking,1,0.062499999999999944,2
4,gpt-4o,Measurement & Data,1,0.0,3
4,gpt-4o,Number & Operations in Base Ten,0,0.4666666666666666,3
4,gpt-4o,Number & Operations—Fractions,1,0.0,3
4,gpt-4o,Operations & Algebraic Thinking,1,0.062499999999999944,3
4,gpt-4o,Measurement & Data,1,0.0,4
4,gpt-4o,Number & Operations in Base Ten,0,0.6,4
4,gpt-4o,Number & Operations—Fractions,1,0.10000000000000003,4
4,gpt-4o,Operations & Algebraic Thinking,1,0.062499999999999944,4
4,gpt-4o,Measurement & Data,0,0.7647058823529411,0
4,gpt-4o,Number & Operations in Base Ten,1,0.13333333333333328,0
4,gpt-4o,Number & Operations—Fractions,1,-0.049999999999999954,0
4,gpt-4o,Operations & Algebraic Thinking,1,0.0,0
4,gpt-4o,Measurement & Data,0,0.7647058823529411,1
4,gpt-4o,Number & Operations in Base Ten,1,0.2,1
4,gpt-4o,Number & Operations—Fractions,1,-0.09999999999999991,1
4,gpt-4o,Operations & Algebraic Thinking,1,0.062499999999999944,1
4,gpt-4o,Measurement & Data,0,0.7058823529411765,2
4,gpt-4o,Number & Operations in Base Ten,1,0.2,2
4,gpt-4o,Number & Operations—Fractions,1,-0.049999999999999954,2
4,gpt-4o,Operations & Algebraic Thinking,1,0.0,2
4,gpt-4o,Measurement & Data,0,0.7647058823529411,3
4,gpt-4o,Number & Operations in Base Ten,1,0.2,3
4,gpt-4o,Number & Operations—Fractions,1,-0.09999999999999991,3
4,gpt-4o,Operations & Algebraic Thinking,1,0.0,3
4,gpt-4o,Measurement & Data,0,0.7647058823529411,4
4,gpt-4o,Number & Operations in Base Ten,1,0.13333333333333328,4
4,gpt-4o,Number & Operations—Fractions,1,0.0,4
4,gpt-4o,Operations & Algebraic Thinking,1,0.0,4
4,claude-sonnet-4-5-20250929,Measurement & Data,0,0.6190476190476191,0
4,claude-sonnet-4-5-20250929,Number & Operations in Base Ten,0,0.6,0
4,claude-sonnet-4-5-20250929,Number & Operations—Fractions,0,0.9166666666666666,0
4,claude-sonnet-4-5-20250929,Operations & Algebraic Thinking,0,0.6666666666666666,0
4,claude-sonnet-4-5-20250929,Measurement & Data,1,0.6190476190476191,0
4,claude-sonnet-4-5-20250929,Number & Operations in Base Ten,0,0.7333333333333333,0
4,claude-sonnet-4-5-20250929,Number & Operations—Fractions,0,0.9166666666666666,0
4,claude-sonnet-4-5-20250929,Operations & Algebraic Thinking,0,0.611111111111111,0
4,claude-sonnet-4-5-20250929,Measurement & Data,1,0.6190476190476191,1
4,claude-sonnet-4-5-20250929,Number & Operations in Base Ten,0,0.8,1
4,claude-sonnet-4-5-20250929,Number & Operations—Fractions,0,0.9166666666666666,1
4,claude-sonnet-4-5-20250929,Operations & Algebraic Thinking,0,0.611111111111111,1
4,claude-sonnet-4-5-20250929,Measurement & Data,1,0.6190476190476191,2
4,claude-sonnet-4-5-20250929,Number & Operations in Base Ten,0,0.7333333333333333,2
4,claude-sonnet-4-5-20250929,Number & Operations—Fractions,0,0.9166666666666666,2
4,claude-sonnet-4-5-20250929,Operations & Algebraic Thinking,0,0.5,2
4,claude-sonnet-4-5-20250929,Measurement & Data,1,0.6666666666666667,3
4,claude-sonnet-4-5-20250929,Number & Operations in Base Ten,0,0.7333333333333333,3
4,claude-sonnet-4-5-20250929,Number & Operations—Fractions,0,0.9166666666666666,3
4,claude-sonnet-4-5-20250929,Operations & Algebraic Thinking,0,0.7222222222222222,3
4,claude-sonnet-4-5-20250929,Measurement & Data,1,0.6190476190476191,4
4,claude-sonnet-4-5-20250929,Number & Operations in Base Ten,0,0.9333333333333332,4
4,claude-sonnet-4-5-20250929,Number & Operations—Fractions,0,0.9166666666666666,4
4,claude-sonnet-4-5-20250929,Operations & Algebraic Thinking,0,0.6666666666666666,4
4,claude-sonnet-4-5-20250929,Measurement & Data,0,0.42857142857142855,0
4,claude-sonnet-4-5-20250929,Number & Operations in Base Ten,1,0.2,0
4,claude-sonnet-4-5-20250929,Number & Operations—Fractions,0,0.9166666666666666,0
4,claude-sonnet-4-5-20250929,Operations & Algebraic Thinking,0,0.5555555555555556,0
4,claude-sonnet-4-5-20250929,Measurement & Data,0,0.6190476190476191,1
4,claude-sonnet-4-5-20250929,Number & Operations in Base Ten,1,0.26666666666666666,1
4,claude-sonnet-4-5-20250929,Number & Operations—Fractions,0,0.9166666666666666,1
4,claude-sonnet-4-5-20250929,Operations & Algebraic Thinking,0,0.5555555555555556,1
4,claude-sonnet-4-5-20250929,Measurement & Data,0,0.5238095238095238,2
4,claude-sonnet-4-5-20250929,Number & Operations in Base Ten,1,0.26666666666666666,2
4,claude-sonnet-4-5-20250929,Number & Operations—Fractions,0,0.9166666666666666,2
4,claude-sonnet-4-5-20250929,Operations & Algebraic Thinking,0,0.5555555555555556,2
4,claude-sonnet-4-5-20250929,Measurement & Data,0,0.5238095238095238,3
4,claude-sonnet-4-5-20250929,Number & Operations in Base Ten,1,0.33333333333333326,3
4,claude-sonnet-4-5-20250929,Number & Operations—Fractions,0,0.9166666666666666,3
4,claude-sonnet-4-5-20250929,Operations & Algebraic Thinking,0,0.5555555555555556,3
4,claude-sonnet-4-5-20250929,Measurement & Data,0,0.4761904761904762,4
4,claude-sonnet-4-5-20250929,Number & Operations in Base Ten,1,0.33333333333333326,4
4,claude-sonnet-4-5-20250929,Number & Operations—Fractions,0,0.9166666666666666,4
4,claude-sonnet-4-5-20250929,Operations & Algebraic Thinking,0,0.5555555555555556,4
4,claude-sonnet-4-5-20250929,Measurement & Data,1,0.380952380952381,0
4,claude-sonnet-4-5-20250929,Number & Operations in Base Ten,1,0.06666666666666654,0
4,claude-sonnet-4-5-20250929,Number & Operations—Fractions,0,0.9166666666666666,0
4,claude-sonnet-4-5-20250929,Operations & Algebraic Thinking,0,0.6666666666666666,0
4,claude-sonnet-4-5-20250929,Measurement & Data,1,0.33333333333333337,1
4,claude-sonnet-4-5-20250929,Number & Operations in Base Ten,1,0.0,1
4,claude-sonnet-4-5-20250929,Number & Operations—Fractions,0,0.9166666666666666,1
4,claude-sonnet-4-5-20250929,Operations & Algebraic Thinking,0,0.6666666666666666,1
4,claude-sonnet-4-5-20250929,Measurement & Data,1,0.2857142857142858,2
4,claude-sonnet-4-5-20250929,Number & Operations in Base Ten,1,0.06666666666666654,2
4,claude-sonnet-4-5-20250929,Number & Operations—Fractions,0,0.9166666666666666,2
4,claude-sonnet-4-5-20250929,Operations & Algebraic Thinking,0,0.5555555555555556,2
4,claude-sonnet-4-5-20250929,Measurement & Data,1,0.23809523809523808,3
4,claude-sonnet-4-5-20250929,Number & Operations in Base Ten,1,0.0,3
4,claude-sonnet-4-5-20250929,Number & Operations—Fractions,0,0.9166666666666666,3
4,claude-sonnet-4-5-20250929,Operations & Algebraic Thinking,0,0.6666666666666666,3
4,claude-sonnet-4-5-20250929,Measurement & Data,1,0.23809523809523808,4
4,claude-sonnet-4-5-20250929,Number & Operations in Base Ten,1,-0.06666666666666674,4
4,claude-sonnet-4-5-20250929,Number & Operations—Fractions,0,0.9166666666666666,4
4,claude-sonnet-4-5-20250929,Operations & Algebraic Thinking,0,0.6666666666666666,4
4,claude-sonnet-4-5-20250929,Measurement & Data,0,0.5238095238095238,0
4,claude-sonnet-4-5-20250929,Number & Operations in Base Ten,0,0.4666666666666666,0
4,claude-sonnet-4-5-20250929,Number & Operations—Fractions,1,-0.5833333333333333,0
4,claude-sonnet-4-5-20250929,Operations & Algebraic Thinking,0,0.611111111111111,0
4,claude-sonnet-4-5-20250929,Measurement & Data,0,0.4761904761904762,1
4,claude-sonnet-4-5-20250929,Number & Operations in Base Ten,0,0.4666666666666666,1
4,claude-sonnet-4-5-20250929,Number & Operations—Fractions,1,-0.8333333333333333,1
4,claude-sonnet-4-5-20250929,Operations & Algebraic Thinking,0,0.6666666666666666,1
4,claude-sonnet-4-5-20250929,Measurement & Data,0,0.5238095238095238,2
4,claude-sonnet-4-5-20250929,Number & Operations in Base Ten,0,0.4,2
4,claude-sonnet-4-5-20250929,Number & Operations—Fractions,1,-0.5833333333333333,2
4,claude-sonnet-4-5-20250929,Operations & Algebraic Thinking,0,0.6666666666666666,2
4,claude-sonnet-4-5-20250929,Measurement & Data,0,0.5238095238095238,3
4,claude-sonnet-4-5-20250929,Number & Operations in Base Ten,0,0.4666666666666666,3
4,claude-sonnet-4-5-20250929,Number & Operations—Fractions,1,-0.5833333333333333,3
4,claude-sonnet-4-5-20250929,Operations & Algebraic Thinking,0,0.6666666666666666,3
4,claude-sonnet-4-5-20250929,Measurement & Data,0,0.4761904761904762,4
4,claude-sonnet-4-5-20250929,Number & Operations in Base Ten,0,0.4,4
4,claude-sonnet-4-5-20250929,Number & Operations—Fractions,1,-0.41666666666666674,4
4,claude-sonnet-4-5-20250929,Operations & Algebraic Thinking,0,0.7222222222222222,4
4,claude-sonnet-4-5-20250929,Measurement & Data,1,0.42857142857142855,0
4,claude-sonnet-4-5-20250929,Number & Operations in Base Ten,0,0.13333333333333328,0
4,claude-sonnet-4-5-20250929,Number & Operations—Fractions,1,-0.9166666666666667,0
4,claude-sonnet-4-5-20250929,Operations & Algebraic Thinking,0,0.6666666666666666,0
4,claude-sonnet-4-5-20250929,Measurement & Data,1,0.4761904761904762,1
4,claude-sonnet-4-5-20250929,Number & Operations in Base Ten,0,0.26666666666666666,1
4,claude-sonnet-4-5-20250929,Number & Operations—Fractions,1,-0.9166666666666667,1
4,claude-sonnet-4-5-20250929,Operations & Algebraic Thinking,0,0.6666666666666666,1
4,claude-sonnet-4-5-20250929,Measurement & Data,1,0.42857142857142855,2
4,claude-sonnet-4-5-20250929,Number & Operations in Base Ten,0,0.13333333333333328,2
4,claude-sonnet-4-5-20250929,Number & Operations—Fractions,1,-0.9166666666666667,2
4,claude-sonnet-4-5-20250929,Operations & Algebraic Thinking,0,0.7222222222222222,2
4,claude-sonnet-4-5-20250929,Measurement & Data,1,0.5714285714285714,3
4,claude-sonnet-4-5-20250929,Number & Operations in Base Ten,0,0.33333333333333326,3
4,claude-sonnet-4-5-20250929,Number & Operations—Fractions,1,-0.9166666666666667,3
4,claude-sonnet-4-5-20250929,Operations & Algebraic Thinking,0,0.6666666666666666,3
4,claude-sonnet-4-5-20250929,Measurement & Data,1,0.4761904761904762,4
4,claude-sonnet-4-5-20250929,Number & Operations in Base Ten,0,0.13333333333333328,4
4,claude-sonnet-4-5-20250929,Number & Operations—Fractions,1,-0.8333333333333333,4
4,claude-sonnet-4-5-20250929,Operations & Algebraic Thinking,0,0.6666666666666666,4
4,claude-sonnet-4-5-20250929,Measurement & Data,0,0.2857142857142858,0
4,claude-sonnet-4-5-20250929,Number & Operations in Base Ten,1,0.06666666666666654,0
4,claude-sonnet-4-5-20250929,Number & Operations—Fractions,1,-0.5833333333333333,0
4,claude-sonnet-4-5-20250929,Operations & Algebraic Thinking,0,0.5555555555555556,0
4,claude-sonnet-4-5-20250929,Measurement & Data,0,0.33333333333333337,1
4,claude-sonnet-4-5-20250929,Number & Operations in Base Ten,1,0.13333333333333328,1
4,claude-sonnet-4-5-20250929,Number & Operations—Fractions,1,-0.5833333333333333,1
4,claude-sonnet-4-5-20250929,Operations & Algebraic Thinking,0,0.5555555555555556,1
4,claude-sonnet-4-5-20250929,Measurement & Data,0,0.2857142857142858,2
4,claude-sonnet-4-5-20250929,Number & Operations in Base Ten,1,0.06666666666666654,2
4,claude-sonnet-4-5-20250929,Number & Operations—Fractions,1,-0.6666666666666667,2
4,claude-sonnet-4-5-20250929,Operations & Algebraic Thinking,0,0.611111111111111,2
4,claude-sonnet-4-5-20250929,Measurement & Data,0,0.2857142857142858,3
4,claude-sonnet-4-5-20250929,Number & Operations in Base Ten,1,0.06666666666666654,3
4,claude-sonnet-4-5-20250929,Number & Operations—Fractions,1,-0.5,3
4,claude-sonnet-4-5-20250929,Operations & Algebraic Thinking,0,0.611111111111111,3
4,claude-sonnet-4-5-20250929,Measurement & Data,0,0.380952380952381,4
4,claude-sonnet-4-5-20250929,Number & Operations in Base Ten,1,0.06666666666666654,4
4,claude-sonnet-4-5-20250929,Number & Operations—Fractions,1,-0.5833333333333333,4
4,claude-sonnet-4-5-20250929,Operations & Algebraic Thinking,0,0.611111111111111,4
4,claude-sonnet-4-5-20250929,Measurement & Data,1,0.4761904761904762,0
4,claude-sonnet-4-5-20250929,Number & Operations in Base Ten,1,0.2,0
4,claude-sonnet-4-5-20250929,Number & Operations—Fractions,1,0.0,0
4,claude-sonnet-4-5-20250929,Operations & Algebraic Thinking,0,0.6666666666666666,0
4,claude-sonnet-4-5-20250929,Measurement & Data,1,0.380952380952381,1
4,claude-sonnet-4-5-20250929,Number & Operations in Base Ten,1,0.2,1
4,claude-sonnet-4-5-20250929,Number & Operations—Fractions,1,0.0,1
4,claude-sonnet-4-5-20250929,Operations & Algebraic Thinking,0,0.7222222222222222,1
4,claude-sonnet-4-5-20250929,Measurement & Data,1,0.5238095238095238,2
4,claude-sonnet-4-5-20250929,Number & Operations in Base Ten,1,0.33333333333333326,2
4,claude-sonnet-4-5-20250929,Number & Operations—Fractions,1,0.0,2
4,claude-sonnet-4-5-20250929,Operations & Algebraic Thinking,0,0.6666666666666666,2
4,claude-sonnet-4-5-20250929,Measurement & Data,1,0.4761904761904762,3
4,claude-sonnet-4-5-20250929,Number & Operations in Base Ten,1,0.26666666666666666,3
4,claude-sonnet-4-5-20250929,Number & Operations—Fractions,1,0.08333333333333337,3
4,claude-sonnet-4-5-20250929,Operations & Algebraic Thinking,0,0.7777777777777778,3
4,claude-sonnet-4-5-20250929,Measurement & Data,1,0.4761904761904762,4
4,claude-sonnet-4-5-20250929,Number & Operations in Base Ten,1,0.33333333333333326,4
4,claude-sonnet-4-5-20250929,Number & Operations—Fractions,1,-0.08333333333333326,4
4,claude-sonnet-4-5-20250929,Operations & Algebraic Thinking,0,0.7222222222222222,4
4,claude-sonnet-4-5-20250929,Measurement & Data,0,0.6666666666666667,0
4,claude-sonnet-4-5-20250929,Number & Operations in Base Ten,0,0.8,0
4,claude-sonnet-4-5-20250929,Number & Operations—Fractions,0,0.9166666666666666,0
4,claude-sonnet-4-5-20250929,Operations & Algebraic Thinking,1,0.22222222222222218,0
4,claude-sonnet-4-5-20250929,Measurement & Data,0,0.6666666666666667,1
4,claude-sonnet-4-5-20250929,Number & Operations in Base Ten,0,0.7333333333333333,1
4,claude-sonnet-4-5-20250929,Number & Operations—Fractions,0,0.9166666666666666,1
4,claude-sonnet-4-5-20250929,Operations & Algebraic Thinking,1,0.22222222222222218,1
4,claude-sonnet-4-5-20250929,Measurement & Data,0,0.5714285714285714,2
4,claude-sonnet-4-5-20250929,Number & Operations in Base Ten,0,0.8,2
4,claude-sonnet-4-5-20250929,Number & Operations—Fractions,0,0.9166666666666666,2
4,claude-sonnet-4-5-20250929,Operations & Algebraic Thinking,1,0.22222222222222218,2
4,claude-sonnet-4-5-20250929,Measurement & Data,0,0.7142857142857142,3
4,claude-sonnet-4-5-20250929,Number & Operations in Base Ten,0,0.8666666666666667,3
4,claude-sonnet-4-5-20250929,Number & Operations—Fractions,0,0.9166666666666666,3
4,claude-sonnet-4-5-20250929,Operations & Algebraic Thinking,1,0.16666666666666666,3
4,claude-sonnet-4-5-20250929,Measurement & Data,0,0.6190476190476191,4
4,claude-sonnet-4-5-20250929,Number & Operations in Base Ten,0,0.8,4
4,claude-sonnet-4-5-20250929,Number & Operations—Fractions,0,0.9166666666666666,4
4,claude-sonnet-4-5-20250929,Operations & Algebraic Thinking,1,0.22222222222222218,4
4,claude-sonnet-4-5-20250929,Measurement & Data,1,0.33333333333333337,0
4,claude-sonnet-4-5-20250929,Number & Operations in Base Ten,0,0.8666666666666667,0
4,claude-sonnet-4-5-20250929,Number & Operations—Fractions,0,0.9166666666666666,0
4,claude-sonnet-4-5-20250929,Operations & Algebraic Thinking,1,0.16666666666666666,0
4,claude-sonnet-4-5-20250929,Measurement & Data,1,0.33333333333333337,1
4,claude-sonnet-4-5-20250929,Number & Operations in Base Ten,0,0.8,1
4,claude-sonnet-4-5-20250929,Number & Operations—Fractions,0,0.9166666666666666,1
4,claude-sonnet-4-5-20250929,Operations & Algebraic Thinking,1,0.16666666666666666,1
4,claude-sonnet-4-5-20250929,Measurement & Data,1,0.380952380952381,2
4,claude-sonnet-4-5-20250929,Number & Operations in Base Ten,0,0.7333333333333333,2
4,claude-sonnet-4-5-20250929,Number & Operations—Fractions,0,0.9166666666666666,2
4,claude-sonnet-4-5-20250929,Operations & Algebraic Thinking,1,0.16666666666666666,2
4,claude-sonnet-4-5-20250929,Measurement & Data,1,0.380952380952381,3
4,claude-sonnet-4-5-20250929,Number & Operations in Base Ten,0,0.8,3
4,claude-sonnet-4-5-20250929,Number & Operations—Fractions,0,0.9166666666666666,3
4,claude-sonnet-4-5-20250929,Operations & Algebraic Thinking,1,0.16666666666666666,3
4,claude-sonnet-4-5-20250929,Measurement & Data,1,0.380952380952381,4
4,claude-sonnet-4-5-20250929,Number & Operations in Base Ten,0,0.8666666666666667,4
4,claude-sonnet-4-5-20250929,Number & Operations—Fractions,0,0.9166666666666666,4
4,claude-sonnet-4-5-20250929,Operations & Algebraic Thinking,1,0.16666666666666666,4
4,claude-sonnet-4-5-20250929,Measurement & Data,0,0.380952380952381,0
4,claude-sonnet-4-5-20250929,Number & Operations in Base Ten,1,0.06666666666666654,0
4,claude-sonnet-4-5-20250929,Number & Operations—Fractions,0,0.9166666666666666,0
4,claude-sonnet-4-5-20250929,Operations & Algebraic Thinking,1,0.16666666666666666,0
4,claude-sonnet-4-5-20250929,Measurement & Data,0,0.4761904761904762,1
4,claude-sonnet-4-5-20250929,Number & Operations in Base Ten,1,0.06666666666666654,1
4,claude-sonnet-4-5-20250929,Number & Operations—Fractions,0,0.9166666666666666,1
4,claude-sonnet-4-5-20250929,Operations & Algebraic Thinking,1,0.16666666666666666,1
4,claude-sonnet-4-5-20250929,Measurement & Data,0,0.5714285714285714,2
4,claude-sonnet-4-5-20250929,Number & Operations in Base Ten,1,0.06666666666666654,2
4,claude-sonnet-4-5-20250929,Number & Operations—Fractions,0,0.9166666666666666,2
4,claude-sonnet-4-5-20250929,Operations & Algebraic Thinking,1,0.16666666666666666,2
4,claude-sonnet-4-5-20250929,Measurement & Data,0,0.5238095238095238,3
4,claude-sonnet-4-5-20250929,Number & Operations in Base Ten,1,0.06666666666666654,3
4,claude-sonnet-4-5-20250929,Number & Operations—Fractions,0,0.9166666666666666,3
4,claude-sonnet-4-5-20250929,Operations & Algebraic Thinking,1,0.16666666666666666,3
4,claude-sonnet-4-5-20250929,Measurement & Data,0,0.4761904761904762,4
4,claude-sonnet-4-5-20250929,Number & Operations in Base Ten,1,0.0,4
4,claude-sonnet-4-5-20250929,Number & Operations—Fractions,0,0.9166666666666666,4
4,claude-sonnet-4-5-20250929,Operations & Algebraic Thinking,1,0.16666666666666666,4
4,claude-sonnet-4-5-20250929,Measurement & Data,1,0.380952380952381,0
4,claude-sonnet-4-5-20250929,Number & Operations in Base Ten,1,0.4,0
4,claude-sonnet-4-5-20250929,Number & Operations—Fractions,0,0.9166666666666666,0
4,claude-sonnet-4-5-20250929,Operations & Algebraic Thinking,1,0.5,0
4,claude-sonnet-4-5-20250929,Measurement & Data,1,0.380952380952381,1
4,claude-sonnet-4-5-20250929,Number & Operations in Base Ten,1,0.4666666666666666,1
4,claude-sonnet-4-5-20250929,Number & Operations—Fractions,0,0.9166666666666666,1
4,claude-sonnet-4-5-20250929,Operations & Algebraic Thinking,1,0.5,1
4,claude-sonnet-4-5-20250929,Measurement & Data,1,0.380952380952381,2
4,claude-sonnet-4-5-20250929,Number & Operations in Base Ten,1,0.4666666666666666,2
4,claude-sonnet-4-5-20250929,Number & Operations—Fractions,0,0.9166666666666666,2
4,claude-sonnet-4-5-20250929,Operations & Algebraic Thinking,1,0.4444444444444444,2
4,claude-sonnet-4-5-20250929,Measurement & Data,1,0.4761904761904762,3
4,claude-sonnet-4-5-20250929,Number & Operations in Base Ten,1,0.4666666666666666,3
4,claude-sonnet-4-5-20250929,Number & Operations—Fractions,0,0.9166666666666666,3
4,claude-sonnet-4-5-20250929,Operations & Algebraic Thinking,1,0.5,3
4,claude-sonnet-4-5-20250929,Measurement & Data,1,0.42857142857142855,4
4,claude-sonnet-4-5-20250929,Number & Operations in Base Ten,1,0.4,4
4,claude-sonnet-4-5-20250929,Number & Operations—Fractions,0,0.9166666666666666,4
4,claude-sonnet-4-5-20250929,Operations & Algebraic Thinking,1,0.4444444444444444,4
4,claude-sonnet-4-5-20250929,Measurement & Data,0,0.6190476190476191,0
4,claude-sonnet-4-5-20250929,Number & Operations in Base Ten,0,0.7333333333333333,0
4,claude-sonnet-4-5-20250929,Number & Operations—Fractions,1,-0.41666666666666674,0
4,claude-sonnet-4-5-20250929,Operations & Algebraic Thinking,1,0.16666666666666666,0
4,claude-sonnet-4-5-20250929,Measurement & Data,0,0.5714285714285714,1
4,claude-sonnet-4-5-20250929,Number & Operations in Base Ten,0,0.8666666666666667,1
4,claude-sonnet-4-5-20250929,Number & Operations—Fractions,1,-0.41666666666666674,1
4,claude-sonnet-4-5-20250929,Operations & Algebraic Thinking,1,0.22222222222222218,1
4,claude-sonnet-4-5-20250929,Measurement & Data,0,0.7142857142857142,2
4,claude-sonnet-4-5-20250929,Number & Operations in Base Ten,0,0.7333333333333333,2
4,claude-sonnet-4-5-20250929,Number & Operations—Fractions,1,-0.5,2
4,claude-sonnet-4-5-20250929,Operations & Algebraic Thinking,1,0.16666666666666666,2
4,claude-sonnet-4-5-20250929,Measurement & Data,0,0.6666666666666667,3
4,claude-sonnet-4-5-20250929,Number & Operations in Base Ten,0,0.7333333333333333,3
4,claude-sonnet-4-5-20250929,Number & Operations—Fractions,1,-0.5,3
4,claude-sonnet-4-5-20250929,Operations & Algebraic Thinking,1,0.22222222222222218,3
4,claude-sonnet-4-5-20250929,Measurement & Data,0,0.6666666666666667,4
4,claude-sonnet-4-5-20250929,Number & Operations in Base Ten,0,0.8,4
4,claude-sonnet-4-5-20250929,Number & Operations—Fractions,1,-0.33333333333333326,4
4,claude-sonnet-4-5-20250929,Operations & Algebraic Thinking,1,0.16666666666666666,4
4,claude-sonnet-4-5-20250929,Measurement & Data,1,0.5238095238095238,0
4,claude-sonnet-4-5-20250929,Number & Operations in Base Ten,0,0.7333333333333333,0
4,claude-sonnet-4-5-20250929,Number & Operations—Fractions,1,-0.33333333333333326,0
4,claude-sonnet-4-5-20250929,Operations & Algebraic Thinking,1,0.27777777777777785,0
4,claude-sonnet-4-5-20250929,Measurement & Data,1,0.42857142857142855,1
4,claude-sonnet-4-5-20250929,Number & Operations in Base Ten,0,0.8666666666666667,1
4,claude-sonnet-4-5-20250929,Number & Operations—Fractions,1,-0.41666666666666674,1
4,claude-sonnet-4-5-20250929,Operations & Algebraic Thinking,1,0.3888888888888889,1
4,claude-sonnet-4-5-20250929,Measurement & Data,1,0.5238095238095238,2
4,claude-sonnet-4-5-20250929,Number & Operations in Base Ten,0,0.9333333333333332,2
4,claude-sonnet-4-5-20250929,Number & Operations—Fractions,1,-0.5,2
4,claude-sonnet-4-5-20250929,Operations & Algebraic Thinking,1,0.27777777777777785,2
4,claude-sonnet-4-5-20250929,Measurement & Data,1,0.5714285714285714,3
4,claude-sonnet-4-5-20250929,Number & Operations in Base Ten,0,0.8666666666666667,3
4,claude-sonnet-4-5-20250929,Number & Operations—Fractions,1,-0.5,3
4,claude-sonnet-4-5-20250929,Operations & Algebraic Thinking,1,0.22222222222222218,3
4,claude-sonnet-4-5-20250929,Measurement & Data,1,0.4761904761904762,4
4,claude-sonnet-4-5-20250929,Number & Operations in Base Ten,0,0.9333333333333332,4
4,claude-sonnet-4-5-20250929,Number & Operations—Fractions,1,-0.25,4
4,claude-sonnet-4-5-20250929,Operations & Algebraic Thinking,1,0.5,4
4,claude-sonnet-4-5-20250929,Measurement & Data,0,0.6190476190476191,0
4,claude-sonnet-4-5-20250929,Number & Operations in Base Ten,1,-0.06666666666666674,0
4,claude-sonnet-4-5-20250929,Number & Operations—Fractions,1,-0.8333333333333333,0
4,claude-sonnet-4-5-20250929,Operations & Algebraic Thinking,1,0.4444444444444444,0
4,claude-sonnet-4-5-20250929,Measurement & Data,0,0.6190476190476191,1
4,claude-sonnet-4-5-20250929,Number & Operations in Base Ten,1,0.0,1
4,claude-sonnet-4-5-20250929,Number & Operations—Fractions,1,-0.8333333333333333,1
4,claude-sonnet-4-5-20250929,Operations & Algebraic Thinking,1,0.4444444444444444,1
4,claude-sonnet-4-5-20250929,Measurement & Data,0,0.6190476190476191,2
4,claude-sonnet-4-5-20250929,Number & Operations in Base Ten,1,0.0,2
4,claude-sonnet-4-5-20250929,Number & Operations—Fractions,1,-0.8333333333333333,2
4,claude-sonnet-4-5-20250929,Operations & Algebraic Thinking,1,0.4444444444444444,2
4,claude-sonnet-4-5-20250929,Measurement & Data,0,0.6666666666666667,3
4,claude-sonnet-4-5-20250929,Number & Operations in Base Ten,1,0.0,3
4,claude-sonnet-4-5-20250929,Number & Operations—Fractions,1,-0.8333333333333333,3
4,claude-sonnet-4-5-20250929,Operations & Algebraic Thinking,1,0.4444444444444444,3
4,claude-sonnet-4-5-20250929,Measurement & Data,0,0.6190476190476191,4
4,claude-sonnet-4-5-20250929,Number & Operations in Base Ten,1,-0.06666666666666674,4
4,claude-sonnet-4-5-20250929,Number & Operations—Fractions,1,-0.75,4
4,claude-sonnet-4-5-20250929,Operations & Algebraic Thinking,1,0.4444444444444444,4
