grade,model,prompt,student_id,skill,k,observed_acc
5,deepseek-chat,explicit_decision,3,Number & Operations in Base Ten,1,0.7272727272727273
5,deepseek-chat,explicit_decision,3,Number & Operations—Fractions,1,0.30303030303030304
5,deepseek-chat,explicit_decision,3,Operations & Algebraic Thinking,0,0.21212121212121213
5,deepseek-chat,explicit_decision,5,Number & Operations in Base Ten,1,0.6666666666666666
5,deepseek-chat,explicit_decision,5,Number & Operations—Fractions,0,0.24242424242424243
5,deepseek-chat,explicit_decision,5,Operations & Algebraic Thinking,1,0.7575757575757576
5,deepseek-chat,explicit_decision,6,Number & Operations in Base Ten,0,0.21212121212121213
5,deepseek-chat,explicit_decision,6,Number & Operations—Fractions,1,0.12121212121212122
5,deepseek-chat,explicit_decision,6,Operations & Algebraic Thinking,1,0.7575757575757576
